IP Address,Port,Subnet
2001:18e8:804:7::80d3:8f30,1101,2001:18e8:804::/48
2620:104:1f:1000:ba3f:d2ff:fe2d:779e,1094,2620:104:1f::/48
2607:f720:1700:1b30::dd,1095,2607:f720:1700::/48
2001:18e8:804:7::80d3:8f3d,1103,2001:18e8:804::/48
2001:18e8:804:7::80d3:8f3f,1102,2001:18e8:804::/48
2620:104:1f:1000:b27b:25ff:feb1:dcea,1094,2620:104:1f::/48
2001:18e8:804:7::80d3:8f40,1102,2001:18e8:804::/48
2607:f720:1700:1b30::87,1095,2607:f720:1700::/48
2001:18e8:804:7::80d3:8f46,1094,2001:18e8:804::/48
2001:18e8:804:7::80d3:8f1f,1101,2001:18e8:804::/48
2001:18e8:804:7::80d3:8f71,1101,2001:18e8:804::/48
2607:f720:1700:1b30::83,1095,2607:f720:1700::/48
2607:f720:1700:1b30::e0,1095,2607:f720:1700::/48
2605:d9c0:6:2003::1:14,1094,2605:d9c0:6::/48
2607:f388:101c:1000::342,1094,2607:f388:101c::/48
2600:900:6:1101:5054:ff:fe65:7c48,1094,2600:900:6::/48
2605:d9c0:6:2003::1:11,1094,2605:d9c0:6::/48
2607:f388:101c:1000::666,1094,2607:f388:101c::/48
2001:18e8:804:7::80d3:8f3d,1101,2001:18e8:804::/48
2001:18e8:804:7::80d3:8f3c,1102,2001:18e8:804::/48
2607:f388:101c:1000::633,1094,2607:f388:101c::/48
2001:18e8:804:7::80d3:8f68,1101,2001:18e8:804::/48
2607:f388:101c:1000::49,1094,2607:f388:101c::/48
2001:18e8:804:7::80d3:8f24,1101,2001:18e8:804::/48
2600:900:6:1101:a288:c2ff:fed2:34ba,1094,2600:900:6::/48
2607:f720:1700:1b30::de,1095,2607:f720:1700::/48
2001:18e8:804:7::80d3:8f21,1101,2001:18e8:804::/48
2001:18e8:804:7::80d3:8f6f,1101,2001:18e8:804::/48
2600:900:6:1101:a288:c2ff:fed2:34de,1094,2600:900:6::/48
2600:900:6:1101:a288:c2ff:fed2:34e6,1094,2600:900:6::/48
2001:18e8:804:7::80d3:8f71,1102,2001:18e8:804::/48
2001:18e8:804:7::80d3:8f1e,1101,2001:18e8:804::/48
2001:18e8:804:7::80d3:8f6a,1101,2001:18e8:804::/48
2607:f720:1700:1b30::84,1095,2607:f720:1700::/48
2600:900:6:1101:a288:c2ff:fed2:320e,1094,2600:900:6::/48
2605:d9c0:6:2003::1:1f,1094,2605:d9c0:6::/48
2001:18e8:804:7::80d3:8f23,1101,2001:18e8:804::/48
2001:18e8:804:7::80d3:8f31,1101,2001:18e8:804::/48
2607:f720:1700:1b30::86,1095,2607:f720:1700::/48
2607:f720:1700:1b30::df,1095,2607:f720:1700::/48
2605:d9c0:6:2003::1:18,1094,2605:d9c0:6::/48
2001:18e8:804:7::80d3:8f26,1101,2001:18e8:804::/48
2001:18e8:804:7::80d3:8f3d,1102,2001:18e8:804::/48
2001:18e8:804:7::80d3:8f25,1101,2001:18e8:804::/48
2001:18e8:804:7::80d3:8f2e,1101,2001:18e8:804::/48
2607:f720:1700:1b30::db,1095,2607:f720:1700::/48
2600:900:6:1101:a288:c2ff:fed2:32fe,1094,2600:900:6::/48
2001:18e8:804:7::80d3:8f20,1101,2001:18e8:804::/48
2607:f720:1700:1b30::4e,1095,2607:f720:1700::/48
2620:104:1f:1000:ba3f:d2ff:fe2d:6926,1094,2620:104:1f::/48
2001:18e8:804:7::80d3:8f6b,1101,2001:18e8:804::/48
2001:18e8:804:7::80d3:8f2f,1101,2001:18e8:804::/48
2001:18e8:804:7::80d3:8f3f,1101,2001:18e8:804::/48
2001:18e8:804:7::80d3:8f40,1101,2001:18e8:804::/48
2607:f720:1700:1b30::e1,1095,2607:f720:1700::/48
2607:f720:1700:1b30::85,1095,2607:f720:1700::/48
2605:d9c0:6:2003::1:15,1094,2605:d9c0:6::/48
2600:900:6:1101:a288:c2ff:fed2:3462,1094,2600:900:6::/48
2001:18e8:804:7::80d3:8f69,1101,2001:18e8:804::/48
2001:18e8:804:7::80d3:8f6f,1102,2001:18e8:804::/48
2001:18e8:804:7::80d3:8f3c,1103,2001:18e8:804::/48
2607:f388:101c:1000::659,1094,2607:f388:101c::/48
2001:18e8:804:7::80d3:8f22,1101,2001:18e8:804::/48
2605:d9c0:6:2003::1:12,1094,2605:d9c0:6::/48
2001:18e8:804:7::80d3:8f3c,1101,2001:18e8:804::/48
2607:f388:101c:1000::667,1094,2607:f388:101c::/48
2607:f720:1700:1b30::e2,1095,2607:f720:1700::/48
2600:900:6:1101:a288:c2ff:fed2:34e2,1094,2600:900:6::/48
2001:18e8:804:7::80d3:8f32,1101,2001:18e8:804::/48
2607:f388:101c:1000::636,1094,2607:f388:101c::/48
2001:18e8:804:7::80d3:8f33,1101,2001:18e8:804::/48
2607:f388:101c:1000::16,1094,2607:f388:101c::/48
2607:f388:101c:1000::336,1094,2607:f388:101c::/48
2607:f388:101c:1000::400,1094,2607:f388:101c::/48
2607:f720:1700:1b30::88,1095,2607:f720:1700::/48
2600:900:6:1101:a288:c2ff:fed2:344a,1094,2600:900:6::/48
